<?xml version="1.0" encoding="UTF-8"?><metadata>
    <idinfo>
        <citation>
            <citeinfo>
                <origin/>
                <title>Rental Housing Licenses</title>
            </citeinfo>
        </citation>
        <descript>
            <abstract>Rental Housing Properties with Licenses within the City of Boulder, Colorado.</abstract>
            <purpose>Rental Housing Licenses</purpose>
        </descript>
        <status>
            <progress>In work</progress>
            <update>Continually</update>
        </status>
        <spdom>
            <bounding>
                <westbc>-105.29489999999822</westbc>
                <eastbc>-105.17879999999822</eastbc>
                <northbc>40.07709999999932</northbc>
                <southbc>39.964399999999316</southbc>
            </bounding>
        </spdom>
        <keywords>
            <theme>
                <themekt>ISO 19115 Topic Categories</themekt>
                <themekey>location</themekey>
                <themekey>society</themekey>
            </theme>
            <theme>
                <themekt>None</themekt>
                <themekey>rental</themekey>
                <themekey>housing</themekey>
                <themekey>license</themekey>
                <themekey>open data</themekey>
                <themekey>boulder</themekey>
            </theme>
        </keywords>
        <accconst>None</accconst>
        <useconst>https://creativecommons.org/publicdomain/zero/1.0/</useconst>
        <datacred>City of Boulder Colorado Planning Dept.</datacred>
    </idinfo>
    <spdoinfo>
        <ptvctinf>
            <sdtsterm>
                <ptvctcnt>9344</ptvctcnt>
            </sdtsterm>
        </ptvctinf>
    </spdoinfo>
    <eainfo>
        <detailed>
            <enttyp>
                <enttypl>PLAN.RentalHousingLicenses</enttypl>
            </enttyp>
            <attr>
                <attrlabl>SUBCOMMUNITY</attrlabl>
                <attrdef>Subcommunity which the license occurs in</attrdef>
            </attr>
            <attr>
                <attrlabl>SHAPE</attrlabl>
                <attrdef>Feature geometry.</attrdef>
                <attrdefs>Esri</attrdefs>
                <attrdomv>
                    					
                    <udom>Coordinates defining the features.</udom>
                    				
                </attrdomv>
            </attr>
            <attr>
                <attrlabl>PARCELNUMBER</attrlabl>
                <attrdef>Parcel identification number</attrdef>
            </attr>
            <attr>
                <attrlabl>ISSUEDDATE</attrlabl>
                <attrdef>Date the license was issued</attrdef>
            </attr>
            <attr>
                <attrlabl>PROFESSIONALLICENSEHOLDERCMPNY</attrlabl>
                <attrdef>The company that holds the professional license (if any)</attrdef>
            </attr>
            <attr>
                <attrlabl>OBJECTID</attrlabl>
                <attrdef>Internal feature number.</attrdef>
                <attrdefs>Esri</attrdefs>
                <attrdomv>
                    					
                    <udom>Sequential unique whole numbers that are automatically generated.</udom>
                    				
                </attrdomv>
            </attr>
            <attr>
                <attrlabl>OCCUPANCYBEFOREREZONING</attrlabl>
                <attrdef>Is the occupancy related to a rezoning.</attrdef>
            </attr>
            <attr>
                <attrlabl>PROFESSIONALLICENSEHOLDERNAME</attrlabl>
                <attrdef>Name of the license holder.</attrdef>
            </attr>
            <attr>
                <attrlabl>LASTRENEWALDATE</attrlabl>
                <attrdef>The date of the last renewal submittal</attrdef>
            </attr>
            <attr>
                <attrlabl>BUILDINGIDENTIFICATION</attrlabl>
                <attrdef>Unique identifier for the building</attrdef>
            </attr>
            <attr>
                <attrlabl>DWELLINGUNITSONCASE</attrlabl>
                <attrdef>Number of dwelling units per case review documentation</attrdef>
            </attr>
            <attr>
                <attrlabl>SHAPE.AREA</attrlabl>
            </attr>
            <attr>
                <attrlabl>MAXIMUMUNRELATEDOCCUPANTS</attrlabl>
                <attrdef>The total number of unrelated occupants allowed in the unit(s) covered under the rental license.</attrdef>
            </attr>
            <attr>
                <attrlabl>ENERGYCOMPLIANT</attrlabl>
                <attrdef>Is the rental compliant with the city energy code for rental properties?</attrdef>
            </attr>
            <attr>
                <attrlabl>SHAPE.LEN</attrlabl>
            </attr>
            <attr>
                <attrlabl>LICENSENUMBER</attrlabl>
                <attrdef>professional license number identifying the unique rental license</attrdef>
            </attr>
            <attr>
                <attrlabl>MAINADDRESS</attrlabl>
                <attrdef>main address of the rental property</attrdef>
            </attr>
            <attr>
                <attrlabl>RENTALTYPE</attrlabl>
                <attrdef>Type of rental</attrdef>
            </attr>
            <attr>
                <attrlabl>COMPLEXNAME</attrlabl>
                <attrdef>The name of the complex (if any)</attrdef>
            </attr>
            <attr>
                <attrlabl>EXPIRATIONDATE</attrlabl>
                <attrdef>Date the license expires</attrdef>
            </attr>
            <attr>
                <attrlabl>APPLIEDDATE</attrlabl>
                <attrdef>Date the license was applied for. I.e. when the application was submitted</attrdef>
            </attr>
            <attr>
                <attrlabl>ROOMINGUNITSONCASE</attrlabl>
                <attrdef>Number of rooming units per license review documentation.</attrdef>
            </attr>
            <attr>
                <attrlabl>PROFESSIONALLICENSEYEAR</attrlabl>
                <attrdef>Year associated with the professional license.</attrdef>
            </attr>
            <attr>
                <attrlabl>LICENSESTATUS</attrlabl>
                <attrdef>current status</attrdef>
            </attr>
            <attr>
                <attrlabl>BUILDINGTYPE</attrlabl>
                <attrdef>Type of building the rental is in</attrdef>
            </attr>
        </detailed>
    </eainfo>
    <metainfo>
        <metd>20190227</metd>
        <metc>
            <cntinfo>
                <cntorgp>
                    <cntorg>City of Boulder, Colorado</cntorg>
                    <cntper>Sean Metrick</cntper>
                </cntorgp>
                <cntpos>Information Resources GIS Analyst</cntpos>
                <cntaddr>
                    <addrtype>unknown</addrtype>
                    <city>Boulder</city>
                    <state>Boulder, Colorado</state>
                    <postal>80302</postal>
                </cntaddr>
                <cntvoice>303-441-1880</cntvoice>
                <cntemail>P&amp;DSPlanningGIS@bouldercolorado.gov</cntemail>
            </cntinfo>
        </metc>
        <metstdn>FGDC Content Standard for Digital Geospatial Metadata</metstdn>
        <metstdv>FGDC-STD-001-1998</metstdv>
        <mettc>local time</mettc>
    </metainfo>
</metadata>
